path,relative_path,size,valid,error,verification_level,file_type,keys,shape,duration,data_type,status
F:\CMRxRecon2025\ChallengeData\MultiCoil\BlackBlood\TrainingSet\Mask_TaskAll\Center006\Siemens_30T_Prisma\P002\blackblood_mask_ktGaussian16.mat,TrainingSet\Mask_TaskAll\Center006\Siemens_30T_Prisma\P002\blackblood_mask_ktGaussian16.mat,8595,True,,basic,.mat,['mask'],"(150, 512)",0.17509078979492188,mask,valid
F:\CMRxRecon2025\ChallengeData\MultiCoil\BlackBlood\TrainingSet\Mask_TaskAll\Center006\Siemens_30T_Prisma\P002\blackblood_mask_ktGaussian24.mat,TrainingSet\Mask_TaskAll\Center006\Siemens_30T_Prisma\P002\blackblood_mask_ktGaussian24.mat,8537,True,,basic,.mat,['mask'],"(150, 512)",0.17005443572998047,mask,valid
F:\CMRxRecon2025\ChallengeData\MultiCoil\BlackBlood\TrainingSet\Mask_TaskAll\Center006\Siemens_30T_Prisma\P002\blackblood_mask_ktGaussian8.mat,TrainingSet\Mask_TaskAll\Center006\Siemens_30T_Prisma\P002\blackblood_mask_ktGaussian8.mat,9091,True,,basic,.mat,['mask'],"(150, 512)",0.15796923637390137,mask,valid
F:\CMRxRecon2025\ChallengeData\MultiCoil\BlackBlood\TrainingSet\Mask_TaskAll\Center006\Siemens_30T_Prisma\P002\blackblood_mask_ktRadial16.mat,TrainingSet\Mask_TaskAll\Center006\Siemens_30T_Prisma\P002\blackblood_mask_ktRadial16.mat,13733,True,,basic,.mat,['mask'],"(150, 512)",0.1754932403564453,mask,valid
F:\CMRxRecon2025\ChallengeData\MultiCoil\BlackBlood\TrainingSet\Mask_TaskAll\Center006\Siemens_30T_Prisma\P002\blackblood_mask_ktRadial24.mat,TrainingSet\Mask_TaskAll\Center006\Siemens_30T_Prisma\P002\blackblood_mask_ktRadial24.mat,12044,True,,basic,.mat,['mask'],"(150, 512)",0.1301741600036621,mask,valid
F:\CMRxRecon2025\ChallengeData\MultiCoil\BlackBlood\TrainingSet\Mask_TaskAll\Center006\Siemens_30T_Prisma\P002\blackblood_mask_ktRadial8.mat,TrainingSet\Mask_TaskAll\Center006\Siemens_30T_Prisma\P002\blackblood_mask_ktRadial8.mat,17233,True,,basic,.mat,['mask'],"(150, 512)",0.08000493049621582,mask,valid
F:\CMRxRecon2025\ChallengeData\MultiCoil\BlackBlood\TrainingSet\Mask_TaskAll\Center006\Siemens_30T_Prisma\P002\blackblood_mask_Uniform16.mat,TrainingSet\Mask_TaskAll\Center006\Siemens_30T_Prisma\P002\blackblood_mask_Uniform16.mat,8770,True,,basic,.mat,['mask'],"(150, 512)",0.11967253684997559,mask,valid
F:\CMRxRecon2025\ChallengeData\MultiCoil\BlackBlood\TrainingSet\Mask_TaskAll\Center006\Siemens_30T_Prisma\P002\blackblood_mask_Uniform24.mat,TrainingSet\Mask_TaskAll\Center006\Siemens_30T_Prisma\P002\blackblood_mask_Uniform24.mat,8519,True,,basic,.mat,['mask'],"(150, 512)",0.08000493049621582,mask,valid
F:\CMRxRecon2025\ChallengeData\MultiCoil\BlackBlood\TrainingSet\Mask_TaskAll\Center006\Siemens_30T_Prisma\P002\blackblood_mask_Uniform8.mat,TrainingSet\Mask_TaskAll\Center006\Siemens_30T_Prisma\P002\blackblood_mask_Uniform8.mat,9004,True,,basic,.mat,['mask'],"(150, 512)",0.06010723114013672,mask,valid
F:\CMRxRecon2025\ChallengeData\MultiCoil\BlackBlood\TrainingSet\Mask_TaskAll\Center006\Siemens_30T_Prisma\P005\blackblood_mask_ktGaussian16.mat,TrainingSet\Mask_TaskAll\Center006\Siemens_30T_Prisma\P005\blackblood_mask_ktGaussian16.mat,8911,True,,basic,.mat,['mask'],"(166, 512)",0.06978011131286621,mask,valid
F:\CMRxRecon2025\ChallengeData\MultiCoil\BlackBlood\TrainingSet\Mask_TaskAll\Center006\Siemens_30T_Prisma\P005\blackblood_mask_ktGaussian24.mat,TrainingSet\Mask_TaskAll\Center006\Siemens_30T_Prisma\P005\blackblood_mask_ktGaussian24.mat,8809,True,,basic,.mat,['mask'],"(166, 512)",0.19960784912109375,mask,valid
F:\CMRxRecon2025\ChallengeData\MultiCoil\BlackBlood\TrainingSet\Mask_TaskAll\Center006\Siemens_30T_Prisma\P005\blackblood_mask_ktGaussian8.mat,TrainingSet\Mask_TaskAll\Center006\Siemens_30T_Prisma\P005\blackblood_mask_ktGaussian8.mat,9560,True,,basic,.mat,['mask'],"(166, 512)",0.19960784912109375,mask,valid
F:\CMRxRecon2025\ChallengeData\MultiCoil\BlackBlood\TrainingSet\Mask_TaskAll\Center006\Siemens_30T_Prisma\P005\blackblood_mask_ktRadial16.mat,TrainingSet\Mask_TaskAll\Center006\Siemens_30T_Prisma\P005\blackblood_mask_ktRadial16.mat,14066,True,,basic,.mat,['mask'],"(166, 512)",0.32459044456481934,mask,valid
F:\CMRxRecon2025\ChallengeData\MultiCoil\BlackBlood\TrainingSet\Mask_TaskAll\Center006\Siemens_30T_Prisma\P005\blackblood_mask_ktRadial24.mat,TrainingSet\Mask_TaskAll\Center006\Siemens_30T_Prisma\P005\blackblood_mask_ktRadial24.mat,12138,True,,basic,.mat,['mask'],"(166, 512)",0.30475378036499023,mask,valid
F:\CMRxRecon2025\ChallengeData\MultiCoil\BlackBlood\TrainingSet\Mask_TaskAll\Center006\Siemens_30T_Prisma\P005\blackblood_mask_ktRadial8.mat,TrainingSet\Mask_TaskAll\Center006\Siemens_30T_Prisma\P005\blackblood_mask_ktRadial8.mat,18208,True,,basic,.mat,['mask'],"(166, 512)",0.28492283821105957,mask,valid
F:\CMRxRecon2025\ChallengeData\MultiCoil\BlackBlood\TrainingSet\Mask_TaskAll\Center006\Siemens_30T_Prisma\P005\blackblood_mask_Uniform16.mat,TrainingSet\Mask_TaskAll\Center006\Siemens_30T_Prisma\P005\blackblood_mask_Uniform16.mat,9120,True,,basic,.mat,['mask'],"(166, 512)",0.3202528953552246,mask,valid
F:\CMRxRecon2025\ChallengeData\MultiCoil\BlackBlood\TrainingSet\Mask_TaskAll\Center006\Siemens_30T_Prisma\P005\blackblood_mask_Uniform24.mat,TrainingSet\Mask_TaskAll\Center006\Siemens_30T_Prisma\P005\blackblood_mask_Uniform24.mat,8920,True,,basic,.mat,['mask'],"(166, 512)",0.3202528953552246,mask,valid
F:\CMRxRecon2025\ChallengeData\MultiCoil\BlackBlood\TrainingSet\Mask_TaskAll\Center006\Siemens_30T_Prisma\P005\blackblood_mask_Uniform8.mat,TrainingSet\Mask_TaskAll\Center006\Siemens_30T_Prisma\P005\blackblood_mask_Uniform8.mat,9535,True,,basic,.mat,['mask'],"(166, 512)",0.20991849899291992,mask,valid
F:\CMRxRecon2025\ChallengeData\MultiCoil\BlackBlood\TrainingSet\Mask_TaskAll\Center006\Siemens_30T_Prisma\P006\blackblood_mask_ktGaussian16.mat,TrainingSet\Mask_TaskAll\Center006\Siemens_30T_Prisma\P006\blackblood_mask_ktGaussian16.mat,8766,True,,basic,.mat,['mask'],"(150, 512)",0.5355997085571289,mask,valid
F:\CMRxRecon2025\ChallengeData\MultiCoil\BlackBlood\TrainingSet\Mask_TaskAll\Center006\Siemens_30T_Prisma\P006\blackblood_mask_ktGaussian24.mat,TrainingSet\Mask_TaskAll\Center006\Siemens_30T_Prisma\P006\blackblood_mask_ktGaussian24.mat,8379,True,,basic,.mat,['mask'],"(150, 512)",0.5355997085571289,mask,valid
F:\CMRxRecon2025\ChallengeData\MultiCoil\BlackBlood\TrainingSet\Mask_TaskAll\Center006\Siemens_30T_Prisma\P006\blackblood_mask_ktGaussian8.mat,TrainingSet\Mask_TaskAll\Center006\Siemens_30T_Prisma\P006\blackblood_mask_ktGaussian8.mat,8962,True,,basic,.mat,['mask'],"(150, 512)",0.5355997085571289,mask,valid
F:\CMRxRecon2025\ChallengeData\MultiCoil\BlackBlood\TrainingSet\Mask_TaskAll\Center006\Siemens_30T_Prisma\P006\blackblood_mask_ktRadial16.mat,TrainingSet\Mask_TaskAll\Center006\Siemens_30T_Prisma\P006\blackblood_mask_ktRadial16.mat,13733,True,,basic,.mat,['mask'],"(150, 512)",0.4915962219238281,mask,valid
F:\CMRxRecon2025\ChallengeData\MultiCoil\BlackBlood\TrainingSet\Mask_TaskAll\Center006\Siemens_30T_Prisma\P006\blackblood_mask_ktRadial24.mat,TrainingSet\Mask_TaskAll\Center006\Siemens_30T_Prisma\P006\blackblood_mask_ktRadial24.mat,12044,True,,basic,.mat,['mask'],"(150, 512)",0.3403294086456299,mask,valid
F:\CMRxRecon2025\ChallengeData\MultiCoil\BlackBlood\TrainingSet\Mask_TaskAll\Center006\Siemens_30T_Prisma\P006\blackblood_mask_ktRadial8.mat,TrainingSet\Mask_TaskAll\Center006\Siemens_30T_Prisma\P006\blackblood_mask_ktRadial8.mat,17233,True,,basic,.mat,['mask'],"(150, 512)",0.3403294086456299,mask,valid
F:\CMRxRecon2025\ChallengeData\MultiCoil\BlackBlood\TrainingSet\Mask_TaskAll\Center006\Siemens_30T_Prisma\P006\blackblood_mask_Uniform16.mat,TrainingSet\Mask_TaskAll\Center006\Siemens_30T_Prisma\P006\blackblood_mask_Uniform16.mat,8770,True,,basic,.mat,['mask'],"(150, 512)",0.36998581886291504,mask,valid
F:\CMRxRecon2025\ChallengeData\MultiCoil\BlackBlood\TrainingSet\Mask_TaskAll\Center006\Siemens_30T_Prisma\P006\blackblood_mask_Uniform24.mat,TrainingSet\Mask_TaskAll\Center006\Siemens_30T_Prisma\P006\blackblood_mask_Uniform24.mat,8519,True,,basic,.mat,['mask'],"(150, 512)",0.569983959197998,mask,valid
F:\CMRxRecon2025\ChallengeData\MultiCoil\BlackBlood\TrainingSet\Mask_TaskAll\Center006\Siemens_30T_Prisma\P006\blackblood_mask_Uniform8.mat,TrainingSet\Mask_TaskAll\Center006\Siemens_30T_Prisma\P006\blackblood_mask_Uniform8.mat,9004,True,,basic,.mat,['mask'],"(150, 512)",0.3501725196838379,mask,valid
F:\CMRxRecon2025\ChallengeData\MultiCoil\BlackBlood\TrainingSet\Mask_TaskAll\Center006\Siemens_30T_Prisma\P013\blackblood_mask_ktGaussian16.mat,TrainingSet\Mask_TaskAll\Center006\Siemens_30T_Prisma\P013\blackblood_mask_ktGaussian16.mat,9219,True,,basic,.mat,['mask'],"(162, 512)",0.36998581886291504,mask,valid
F:\CMRxRecon2025\ChallengeData\MultiCoil\BlackBlood\TrainingSet\Mask_TaskAll\Center006\Siemens_30T_Prisma\P013\blackblood_mask_ktGaussian24.mat,TrainingSet\Mask_TaskAll\Center006\Siemens_30T_Prisma\P013\blackblood_mask_ktGaussian24.mat,9080,True,,basic,.mat,['mask'],"(162, 512)",0.20003724098205566,mask,valid
F:\CMRxRecon2025\ChallengeData\MultiCoil\BlackBlood\TrainingSet\Mask_TaskAll\Center006\Siemens_30T_Prisma\P013\blackblood_mask_ktGaussian8.mat,TrainingSet\Mask_TaskAll\Center006\Siemens_30T_Prisma\P013\blackblood_mask_ktGaussian8.mat,9613,True,,basic,.mat,['mask'],"(162, 512)",0.23986363410949707,mask,valid
F:\CMRxRecon2025\ChallengeData\MultiCoil\BlackBlood\TrainingSet\Mask_TaskAll\Center006\Siemens_30T_Prisma\P013\blackblood_mask_ktRadial16.mat,TrainingSet\Mask_TaskAll\Center006\Siemens_30T_Prisma\P013\blackblood_mask_ktRadial16.mat,13862,True,,basic,.mat,['mask'],"(162, 512)",0.2187190055847168,mask,valid
F:\CMRxRecon2025\ChallengeData\MultiCoil\BlackBlood\TrainingSet\Mask_TaskAll\Center006\Siemens_30T_Prisma\P013\blackblood_mask_ktRadial24.mat,TrainingSet\Mask_TaskAll\Center006\Siemens_30T_Prisma\P013\blackblood_mask_ktRadial24.mat,12006,True,,basic,.mat,['mask'],"(162, 512)",0.38974547386169434,mask,valid
F:\CMRxRecon2025\ChallengeData\MultiCoil\BlackBlood\TrainingSet\Mask_TaskAll\Center006\Siemens_30T_Prisma\P013\blackblood_mask_ktRadial8.mat,TrainingSet\Mask_TaskAll\Center006\Siemens_30T_Prisma\P013\blackblood_mask_ktRadial8.mat,17823,True,,basic,.mat,['mask'],"(162, 512)",0.2098233699798584,mask,valid
F:\CMRxRecon2025\ChallengeData\MultiCoil\BlackBlood\TrainingSet\Mask_TaskAll\Center006\Siemens_30T_Prisma\P013\blackblood_mask_Uniform16.mat,TrainingSet\Mask_TaskAll\Center006\Siemens_30T_Prisma\P013\blackblood_mask_Uniform16.mat,9135,True,,basic,.mat,['mask'],"(162, 512)",0.3498106002807617,mask,valid
F:\CMRxRecon2025\ChallengeData\MultiCoil\BlackBlood\TrainingSet\Mask_TaskAll\Center006\Siemens_30T_Prisma\P013\blackblood_mask_Uniform24.mat,TrainingSet\Mask_TaskAll\Center006\Siemens_30T_Prisma\P013\blackblood_mask_Uniform24.mat,8814,True,,basic,.mat,['mask'],"(162, 512)",0.3198678493499756,mask,valid
F:\CMRxRecon2025\ChallengeData\MultiCoil\BlackBlood\TrainingSet\Mask_TaskAll\Center006\Siemens_30T_Prisma\P013\blackblood_mask_Uniform8.mat,TrainingSet\Mask_TaskAll\Center006\Siemens_30T_Prisma\P013\blackblood_mask_Uniform8.mat,9404,True,,basic,.mat,['mask'],"(162, 512)",0.14988970756530762,mask,valid
F:\CMRxRecon2025\ChallengeData\MultiCoil\BlackBlood\TrainingSet\Mask_TaskAll\Center006\Siemens_30T_Prisma\P015\blackblood_mask_ktGaussian16.mat,TrainingSet\Mask_TaskAll\Center006\Siemens_30T_Prisma\P015\blackblood_mask_ktGaussian16.mat,7592,True,,basic,.mat,['mask'],"(125, 512)",0.15000557899475098,mask,valid
F:\CMRxRecon2025\ChallengeData\MultiCoil\BlackBlood\TrainingSet\Mask_TaskAll\Center006\Siemens_30T_Prisma\P015\blackblood_mask_ktGaussian24.mat,TrainingSet\Mask_TaskAll\Center006\Siemens_30T_Prisma\P015\blackblood_mask_ktGaussian24.mat,7432,True,,basic,.mat,['mask'],"(125, 512)",0.16009759902954102,mask,valid
F:\CMRxRecon2025\ChallengeData\MultiCoil\BlackBlood\TrainingSet\Mask_TaskAll\Center006\Siemens_30T_Prisma\P015\blackblood_mask_ktGaussian8.mat,TrainingSet\Mask_TaskAll\Center006\Siemens_30T_Prisma\P015\blackblood_mask_ktGaussian8.mat,7656,True,,basic,.mat,['mask'],"(125, 512)",0.1199338436126709,mask,valid
F:\CMRxRecon2025\ChallengeData\MultiCoil\BlackBlood\TrainingSet\Mask_TaskAll\Center006\Siemens_30T_Prisma\P015\blackblood_mask_ktRadial16.mat,TrainingSet\Mask_TaskAll\Center006\Siemens_30T_Prisma\P015\blackblood_mask_ktRadial16.mat,12303,True,,basic,.mat,['mask'],"(125, 512)",0.22502827644348145,mask,valid
F:\CMRxRecon2025\ChallengeData\MultiCoil\BlackBlood\TrainingSet\Mask_TaskAll\Center006\Siemens_30T_Prisma\P015\blackblood_mask_ktRadial24.mat,TrainingSet\Mask_TaskAll\Center006\Siemens_30T_Prisma\P015\blackblood_mask_ktRadial24.mat,10928,True,,basic,.mat,['mask'],"(125, 512)",0.18997430801391602,mask,valid
F:\CMRxRecon2025\ChallengeData\MultiCoil\BlackBlood\TrainingSet\Mask_TaskAll\Center006\Siemens_30T_Prisma\P015\blackblood_mask_ktRadial8.mat,TrainingSet\Mask_TaskAll\Center006\Siemens_30T_Prisma\P015\blackblood_mask_ktRadial8.mat,15038,True,,basic,.mat,['mask'],"(125, 512)",0.199998140335083,mask,valid
F:\CMRxRecon2025\ChallengeData\MultiCoil\BlackBlood\TrainingSet\Mask_TaskAll\Center006\Siemens_30T_Prisma\P015\blackblood_mask_Uniform16.mat,TrainingSet\Mask_TaskAll\Center006\Siemens_30T_Prisma\P015\blackblood_mask_Uniform16.mat,7744,True,,basic,.mat,['mask'],"(125, 512)",0.45004868507385254,mask,valid
F:\CMRxRecon2025\ChallengeData\MultiCoil\BlackBlood\TrainingSet\Mask_TaskAll\Center006\Siemens_30T_Prisma\P015\blackblood_mask_Uniform24.mat,TrainingSet\Mask_TaskAll\Center006\Siemens_30T_Prisma\P015\blackblood_mask_Uniform24.mat,7480,True,,basic,.mat,['mask'],"(125, 512)",0.45004868507385254,mask,valid
F:\CMRxRecon2025\ChallengeData\MultiCoil\BlackBlood\TrainingSet\Mask_TaskAll\Center006\Siemens_30T_Prisma\P015\blackblood_mask_Uniform8.mat,TrainingSet\Mask_TaskAll\Center006\Siemens_30T_Prisma\P015\blackblood_mask_Uniform8.mat,7912,True,,basic,.mat,['mask'],"(125, 512)",0.45004868507385254,mask,valid
F:\CMRxRecon2025\ChallengeData\MultiCoil\BlackBlood\TrainingSet\Mask_TaskAll\Center006\Siemens_30T_Prisma\P017\blackblood_mask_ktGaussian16.mat,TrainingSet\Mask_TaskAll\Center006\Siemens_30T_Prisma\P017\blackblood_mask_ktGaussian16.mat,9127,True,,basic,.mat,['mask'],"(166, 512)",0.29005908966064453,mask,valid
F:\CMRxRecon2025\ChallengeData\MultiCoil\BlackBlood\TrainingSet\Mask_TaskAll\Center006\Siemens_30T_Prisma\P017\blackblood_mask_ktGaussian24.mat,TrainingSet\Mask_TaskAll\Center006\Siemens_30T_Prisma\P017\blackblood_mask_ktGaussian24.mat,8896,True,,basic,.mat,['mask'],"(166, 512)",0.2801485061645508,mask,valid
F:\CMRxRecon2025\ChallengeData\MultiCoil\BlackBlood\TrainingSet\Mask_TaskAll\Center006\Siemens_30T_Prisma\P017\blackblood_mask_ktGaussian8.mat,TrainingSet\Mask_TaskAll\Center006\Siemens_30T_Prisma\P017\blackblood_mask_ktGaussian8.mat,9456,True,,basic,.mat,['mask'],"(166, 512)",0.4802718162536621,mask,valid
F:\CMRxRecon2025\ChallengeData\MultiCoil\BlackBlood\TrainingSet\Mask_TaskAll\Center006\Siemens_30T_Prisma\P017\blackblood_mask_ktRadial16.mat,TrainingSet\Mask_TaskAll\Center006\Siemens_30T_Prisma\P017\blackblood_mask_ktRadial16.mat,14066,True,,basic,.mat,['mask'],"(166, 512)",0.2601957321166992,mask,valid
F:\CMRxRecon2025\ChallengeData\MultiCoil\BlackBlood\TrainingSet\Mask_TaskAll\Center006\Siemens_30T_Prisma\P017\blackblood_mask_ktRadial24.mat,TrainingSet\Mask_TaskAll\Center006\Siemens_30T_Prisma\P017\blackblood_mask_ktRadial24.mat,12138,True,,basic,.mat,['mask'],"(166, 512)",0.21978235244750977,mask,valid
F:\CMRxRecon2025\ChallengeData\MultiCoil\BlackBlood\TrainingSet\Mask_TaskAll\Center006\Siemens_30T_Prisma\P017\blackblood_mask_ktRadial8.mat,TrainingSet\Mask_TaskAll\Center006\Siemens_30T_Prisma\P017\blackblood_mask_ktRadial8.mat,18208,True,,basic,.mat,['mask'],"(166, 512)",0.23973727226257324,mask,valid
F:\CMRxRecon2025\ChallengeData\MultiCoil\BlackBlood\TrainingSet\Mask_TaskAll\Center006\Siemens_30T_Prisma\P017\blackblood_mask_Uniform16.mat,TrainingSet\Mask_TaskAll\Center006\Siemens_30T_Prisma\P017\blackblood_mask_Uniform16.mat,9120,True,,basic,.mat,['mask'],"(166, 512)",0.15073561668395996,mask,valid
F:\CMRxRecon2025\ChallengeData\MultiCoil\BlackBlood\TrainingSet\Mask_TaskAll\Center006\Siemens_30T_Prisma\P017\blackblood_mask_Uniform24.mat,TrainingSet\Mask_TaskAll\Center006\Siemens_30T_Prisma\P017\blackblood_mask_Uniform24.mat,8920,True,,basic,.mat,['mask'],"(166, 512)",0.11014699935913086,mask,valid
F:\CMRxRecon2025\ChallengeData\MultiCoil\BlackBlood\TrainingSet\Mask_TaskAll\Center006\Siemens_30T_Prisma\P017\blackblood_mask_Uniform8.mat,TrainingSet\Mask_TaskAll\Center006\Siemens_30T_Prisma\P017\blackblood_mask_Uniform8.mat,9535,True,,basic,.mat,['mask'],"(166, 512)",0.19948530197143555,mask,valid
F:\CMRxRecon2025\ChallengeData\MultiCoil\BlackBlood\TrainingSet\Mask_TaskAll\Center006\Siemens_30T_Prisma\P019\blackblood_mask_ktGaussian16.mat,TrainingSet\Mask_TaskAll\Center006\Siemens_30T_Prisma\P019\blackblood_mask_ktGaussian16.mat,7488,True,,basic,.mat,['mask'],"(114, 512)",0.3098108768463135,mask,valid
F:\CMRxRecon2025\ChallengeData\MultiCoil\BlackBlood\TrainingSet\Mask_TaskAll\Center006\Siemens_30T_Prisma\P019\blackblood_mask_ktGaussian24.mat,TrainingSet\Mask_TaskAll\Center006\Siemens_30T_Prisma\P019\blackblood_mask_ktGaussian24.mat,7192,True,,basic,.mat,['mask'],"(114, 512)",0.3302299976348877,mask,valid
F:\CMRxRecon2025\ChallengeData\MultiCoil\BlackBlood\TrainingSet\Mask_TaskAll\Center006\Siemens_30T_Prisma\P019\blackblood_mask_ktGaussian8.mat,TrainingSet\Mask_TaskAll\Center006\Siemens_30T_Prisma\P019\blackblood_mask_ktGaussian8.mat,7480,True,,basic,.mat,['mask'],"(114, 512)",0.30019497871398926,mask,valid
F:\CMRxRecon2025\ChallengeData\MultiCoil\BlackBlood\TrainingSet\Mask_TaskAll\Center006\Siemens_30T_Prisma\P019\blackblood_mask_ktRadial16.mat,TrainingSet\Mask_TaskAll\Center006\Siemens_30T_Prisma\P019\blackblood_mask_ktRadial16.mat,11527,True,,basic,.mat,['mask'],"(114, 512)",0.5002214908599854,mask,valid
F:\CMRxRecon2025\ChallengeData\MultiCoil\BlackBlood\TrainingSet\Mask_TaskAll\Center006\Siemens_30T_Prisma\P019\blackblood_mask_ktRadial24.mat,TrainingSet\Mask_TaskAll\Center006\Siemens_30T_Prisma\P019\blackblood_mask_ktRadial24.mat,10233,True,,basic,.mat,['mask'],"(114, 512)",0.32039475440979004,mask,valid
F:\CMRxRecon2025\ChallengeData\MultiCoil\BlackBlood\TrainingSet\Mask_TaskAll\Center006\Siemens_30T_Prisma\P019\blackblood_mask_ktRadial8.mat,TrainingSet\Mask_TaskAll\Center006\Siemens_30T_Prisma\P019\blackblood_mask_ktRadial8.mat,14074,True,,basic,.mat,['mask'],"(114, 512)",0.11227035522460938,mask,valid
F:\CMRxRecon2025\ChallengeData\MultiCoil\BlackBlood\TrainingSet\Mask_TaskAll\Center006\Siemens_30T_Prisma\P019\blackblood_mask_Uniform16.mat,TrainingSet\Mask_TaskAll\Center006\Siemens_30T_Prisma\P019\blackblood_mask_Uniform16.mat,7296,True,,basic,.mat,['mask'],"(114, 512)",0.3215298652648926,mask,valid
F:\CMRxRecon2025\ChallengeData\MultiCoil\BlackBlood\TrainingSet\Mask_TaskAll\Center006\Siemens_30T_Prisma\P019\blackblood_mask_Uniform24.mat,TrainingSet\Mask_TaskAll\Center006\Siemens_30T_Prisma\P019\blackblood_mask_Uniform24.mat,7320,True,,basic,.mat,['mask'],"(114, 512)",0.17991924285888672,mask,valid
F:\CMRxRecon2025\ChallengeData\MultiCoil\BlackBlood\TrainingSet\Mask_TaskAll\Center006\Siemens_30T_Prisma\P019\blackblood_mask_Uniform8.mat,TrainingSet\Mask_TaskAll\Center006\Siemens_30T_Prisma\P019\blackblood_mask_Uniform8.mat,7464,True,,basic,.mat,['mask'],"(114, 512)",0.29124951362609863,mask,valid
F:\CMRxRecon2025\ChallengeData\MultiCoil\BlackBlood\TrainingSet\Mask_TaskAll\Center006\Siemens_30T_Prisma\P024\blackblood_mask_ktGaussian16.mat,TrainingSet\Mask_TaskAll\Center006\Siemens_30T_Prisma\P024\blackblood_mask_ktGaussian16.mat,9130,True,,basic,.mat,['mask'],"(166, 512)",0.07035398483276367,mask,valid
F:\CMRxRecon2025\ChallengeData\MultiCoil\BlackBlood\TrainingSet\Mask_TaskAll\Center006\Siemens_30T_Prisma\P024\blackblood_mask_ktGaussian24.mat,TrainingSet\Mask_TaskAll\Center006\Siemens_30T_Prisma\P024\blackblood_mask_ktGaussian24.mat,8937,True,,basic,.mat,['mask'],"(166, 512)",0.08001375198364258,mask,valid
F:\CMRxRecon2025\ChallengeData\MultiCoil\BlackBlood\TrainingSet\Mask_TaskAll\Center006\Siemens_30T_Prisma\P024\blackblood_mask_ktGaussian8.mat,TrainingSet\Mask_TaskAll\Center006\Siemens_30T_Prisma\P024\blackblood_mask_ktGaussian8.mat,9616,True,,basic,.mat,['mask'],"(166, 512)",0.07040023803710938,mask,valid
F:\CMRxRecon2025\ChallengeData\MultiCoil\BlackBlood\TrainingSet\Mask_TaskAll\Center006\Siemens_30T_Prisma\P024\blackblood_mask_ktRadial16.mat,TrainingSet\Mask_TaskAll\Center006\Siemens_30T_Prisma\P024\blackblood_mask_ktRadial16.mat,14066,True,,basic,.mat,['mask'],"(166, 512)",0.2714970111846924,mask,valid
F:\CMRxRecon2025\ChallengeData\MultiCoil\BlackBlood\TrainingSet\Mask_TaskAll\Center006\Siemens_30T_Prisma\P024\blackblood_mask_ktRadial24.mat,TrainingSet\Mask_TaskAll\Center006\Siemens_30T_Prisma\P024\blackblood_mask_ktRadial24.mat,12138,True,,basic,.mat,['mask'],"(166, 512)",0.07958245277404785,mask,valid
F:\CMRxRecon2025\ChallengeData\MultiCoil\BlackBlood\TrainingSet\Mask_TaskAll\Center006\Siemens_30T_Prisma\P024\blackblood_mask_ktRadial8.mat,TrainingSet\Mask_TaskAll\Center006\Siemens_30T_Prisma\P024\blackblood_mask_ktRadial8.mat,18208,True,,basic,.mat,['mask'],"(166, 512)",0.24202966690063477,mask,valid
F:\CMRxRecon2025\ChallengeData\MultiCoil\BlackBlood\TrainingSet\Mask_TaskAll\Center006\Siemens_30T_Prisma\P024\blackblood_mask_Uniform16.mat,TrainingSet\Mask_TaskAll\Center006\Siemens_30T_Prisma\P024\blackblood_mask_Uniform16.mat,9120,True,,basic,.mat,['mask'],"(166, 512)",0.19527220726013184,mask,valid
F:\CMRxRecon2025\ChallengeData\MultiCoil\BlackBlood\TrainingSet\Mask_TaskAll\Center006\Siemens_30T_Prisma\P024\blackblood_mask_Uniform24.mat,TrainingSet\Mask_TaskAll\Center006\Siemens_30T_Prisma\P024\blackblood_mask_Uniform24.mat,8920,True,,basic,.mat,['mask'],"(166, 512)",0.17706990242004395,mask,valid
F:\CMRxRecon2025\ChallengeData\MultiCoil\BlackBlood\TrainingSet\Mask_TaskAll\Center006\Siemens_30T_Prisma\P024\blackblood_mask_Uniform8.mat,TrainingSet\Mask_TaskAll\Center006\Siemens_30T_Prisma\P024\blackblood_mask_Uniform8.mat,9535,True,,basic,.mat,['mask'],"(166, 512)",0.3893766403198242,mask,valid
F:\CMRxRecon2025\ChallengeData\MultiCoil\BlackBlood\TrainingSet\Mask_TaskAll\Center006\Siemens_30T_Prisma\P026\blackblood_mask_ktGaussian16.mat,TrainingSet\Mask_TaskAll\Center006\Siemens_30T_Prisma\P026\blackblood_mask_ktGaussian16.mat,8991,True,,basic,.mat,['mask'],"(162, 512)",0.25947046279907227,mask,valid
F:\CMRxRecon2025\ChallengeData\MultiCoil\BlackBlood\TrainingSet\Mask_TaskAll\Center006\Siemens_30T_Prisma\P026\blackblood_mask_ktGaussian24.mat,TrainingSet\Mask_TaskAll\Center006\Siemens_30T_Prisma\P026\blackblood_mask_ktGaussian24.mat,9021,True,,basic,.mat,['mask'],"(162, 512)",0.23040056228637695,mask,valid
F:\CMRxRecon2025\ChallengeData\MultiCoil\BlackBlood\TrainingSet\Mask_TaskAll\Center006\Siemens_30T_Prisma\P026\blackblood_mask_ktGaussian8.mat,TrainingSet\Mask_TaskAll\Center006\Siemens_30T_Prisma\P026\blackblood_mask_ktGaussian8.mat,9275,True,,basic,.mat,['mask'],"(162, 512)",0.5503008365631104,mask,valid
F:\CMRxRecon2025\ChallengeData\MultiCoil\BlackBlood\TrainingSet\Mask_TaskAll\Center006\Siemens_30T_Prisma\P026\blackblood_mask_ktRadial16.mat,TrainingSet\Mask_TaskAll\Center006\Siemens_30T_Prisma\P026\blackblood_mask_ktRadial16.mat,13862,True,,basic,.mat,['mask'],"(162, 512)",0.09014296531677246,mask,valid
F:\CMRxRecon2025\ChallengeData\MultiCoil\BlackBlood\TrainingSet\Mask_TaskAll\Center006\Siemens_30T_Prisma\P026\blackblood_mask_ktRadial24.mat,TrainingSet\Mask_TaskAll\Center006\Siemens_30T_Prisma\P026\blackblood_mask_ktRadial24.mat,12006,True,,basic,.mat,['mask'],"(162, 512)",0.24002337455749512,mask,valid
F:\CMRxRecon2025\ChallengeData\MultiCoil\BlackBlood\TrainingSet\Mask_TaskAll\Center006\Siemens_30T_Prisma\P026\blackblood_mask_ktRadial8.mat,TrainingSet\Mask_TaskAll\Center006\Siemens_30T_Prisma\P026\blackblood_mask_ktRadial8.mat,17823,True,,basic,.mat,['mask'],"(162, 512)",0.09014296531677246,mask,valid
F:\CMRxRecon2025\ChallengeData\MultiCoil\BlackBlood\TrainingSet\Mask_TaskAll\Center006\Siemens_30T_Prisma\P026\blackblood_mask_Uniform16.mat,TrainingSet\Mask_TaskAll\Center006\Siemens_30T_Prisma\P026\blackblood_mask_Uniform16.mat,9135,True,,basic,.mat,['mask'],"(162, 512)",0.21038317680358887,mask,valid
F:\CMRxRecon2025\ChallengeData\MultiCoil\BlackBlood\TrainingSet\Mask_TaskAll\Center006\Siemens_30T_Prisma\P026\blackblood_mask_Uniform24.mat,TrainingSet\Mask_TaskAll\Center006\Siemens_30T_Prisma\P026\blackblood_mask_Uniform24.mat,8814,True,,basic,.mat,['mask'],"(162, 512)",0.2000265121459961,mask,valid
F:\CMRxRecon2025\ChallengeData\MultiCoil\BlackBlood\TrainingSet\Mask_TaskAll\Center006\Siemens_30T_Prisma\P026\blackblood_mask_Uniform8.mat,TrainingSet\Mask_TaskAll\Center006\Siemens_30T_Prisma\P026\blackblood_mask_Uniform8.mat,9404,True,,basic,.mat,['mask'],"(162, 512)",0.16005635261535645,mask,valid
F:\CMRxRecon2025\ChallengeData\MultiCoil\BlackBlood\TrainingSet\Mask_TaskAll\Center006\Siemens_30T_Prisma\P027\blackblood_mask_ktGaussian16.mat,TrainingSet\Mask_TaskAll\Center006\Siemens_30T_Prisma\P027\blackblood_mask_ktGaussian16.mat,9207,True,,basic,.mat,['mask'],"(166, 518)",0.01986074447631836,mask,valid
F:\CMRxRecon2025\ChallengeData\MultiCoil\BlackBlood\TrainingSet\Mask_TaskAll\Center006\Siemens_30T_Prisma\P027\blackblood_mask_ktGaussian24.mat,TrainingSet\Mask_TaskAll\Center006\Siemens_30T_Prisma\P027\blackblood_mask_ktGaussian24.mat,8985,True,,basic,.mat,['mask'],"(166, 518)",0.2398209571838379,mask,valid
F:\CMRxRecon2025\ChallengeData\MultiCoil\BlackBlood\TrainingSet\Mask_TaskAll\Center006\Siemens_30T_Prisma\P027\blackblood_mask_ktGaussian8.mat,TrainingSet\Mask_TaskAll\Center006\Siemens_30T_Prisma\P027\blackblood_mask_ktGaussian8.mat,9409,True,,basic,.mat,['mask'],"(166, 518)",0.46610093116760254,mask,valid
F:\CMRxRecon2025\ChallengeData\MultiCoil\BlackBlood\TrainingSet\Mask_TaskAll\Center006\Siemens_30T_Prisma\P027\blackblood_mask_ktRadial16.mat,TrainingSet\Mask_TaskAll\Center006\Siemens_30T_Prisma\P027\blackblood_mask_ktRadial16.mat,14246,True,,basic,.mat,['mask'],"(166, 518)",0.2255232334136963,mask,valid
F:\CMRxRecon2025\ChallengeData\MultiCoil\BlackBlood\TrainingSet\Mask_TaskAll\Center006\Siemens_30T_Prisma\P027\blackblood_mask_ktRadial24.mat,TrainingSet\Mask_TaskAll\Center006\Siemens_30T_Prisma\P027\blackblood_mask_ktRadial24.mat,12296,True,,basic,.mat,['mask'],"(166, 518)",0.2326951026916504,mask,valid
F:\CMRxRecon2025\ChallengeData\MultiCoil\BlackBlood\TrainingSet\Mask_TaskAll\Center006\Siemens_30T_Prisma\P027\blackblood_mask_ktRadial8.mat,TrainingSet\Mask_TaskAll\Center006\Siemens_30T_Prisma\P027\blackblood_mask_ktRadial8.mat,18202,True,,basic,.mat,['mask'],"(166, 518)",0.45723581314086914,mask,valid
F:\CMRxRecon2025\ChallengeData\MultiCoil\BlackBlood\TrainingSet\Mask_TaskAll\Center006\Siemens_30T_Prisma\P027\blackblood_mask_Uniform16.mat,TrainingSet\Mask_TaskAll\Center006\Siemens_30T_Prisma\P027\blackblood_mask_Uniform16.mat,9265,True,,basic,.mat,['mask'],"(166, 518)",0.43767642974853516,mask,valid
F:\CMRxRecon2025\ChallengeData\MultiCoil\BlackBlood\TrainingSet\Mask_TaskAll\Center006\Siemens_30T_Prisma\P027\blackblood_mask_Uniform24.mat,TrainingSet\Mask_TaskAll\Center006\Siemens_30T_Prisma\P027\blackblood_mask_Uniform24.mat,8954,True,,basic,.mat,['mask'],"(166, 518)",0.17998909950256348,mask,valid
F:\CMRxRecon2025\ChallengeData\MultiCoil\BlackBlood\TrainingSet\Mask_TaskAll\Center006\Siemens_30T_Prisma\P027\blackblood_mask_Uniform8.mat,TrainingSet\Mask_TaskAll\Center006\Siemens_30T_Prisma\P027\blackblood_mask_Uniform8.mat,9734,True,,basic,.mat,['mask'],"(166, 518)",0.1445310115814209,mask,valid
F:\CMRxRecon2025\ChallengeData\MultiCoil\BlackBlood\TrainingSet\Mask_TaskAll\Center006\Siemens_30T_Prisma\P029\blackblood_mask_ktGaussian16.mat,TrainingSet\Mask_TaskAll\Center006\Siemens_30T_Prisma\P029\blackblood_mask_ktGaussian16.mat,7349,True,,basic,.mat,['mask'],"(98, 512)",0.23783063888549805,mask,valid
F:\CMRxRecon2025\ChallengeData\MultiCoil\BlackBlood\TrainingSet\Mask_TaskAll\Center006\Siemens_30T_Prisma\P029\blackblood_mask_ktGaussian24.mat,TrainingSet\Mask_TaskAll\Center006\Siemens_30T_Prisma\P029\blackblood_mask_ktGaussian24.mat,7266,True,,basic,.mat,['mask'],"(98, 512)",0.2479867935180664,mask,valid
F:\CMRxRecon2025\ChallengeData\MultiCoil\BlackBlood\TrainingSet\Mask_TaskAll\Center006\Siemens_30T_Prisma\P029\blackblood_mask_ktGaussian8.mat,TrainingSet\Mask_TaskAll\Center006\Siemens_30T_Prisma\P029\blackblood_mask_ktGaussian8.mat,7284,True,,basic,.mat,['mask'],"(98, 512)",0.21778392791748047,mask,valid
F:\CMRxRecon2025\ChallengeData\MultiCoil\BlackBlood\TrainingSet\Mask_TaskAll\Center006\Siemens_30T_Prisma\P029\blackblood_mask_ktRadial16.mat,TrainingSet\Mask_TaskAll\Center006\Siemens_30T_Prisma\P029\blackblood_mask_ktRadial16.mat,10595,True,,basic,.mat,['mask'],"(98, 512)",0.15964818000793457,mask,valid
F:\CMRxRecon2025\ChallengeData\MultiCoil\BlackBlood\TrainingSet\Mask_TaskAll\Center006\Siemens_30T_Prisma\P029\blackblood_mask_ktRadial24.mat,TrainingSet\Mask_TaskAll\Center006\Siemens_30T_Prisma\P029\blackblood_mask_ktRadial24.mat,9416,True,,basic,.mat,['mask'],"(98, 512)",0.14019179344177246,mask,valid
F:\CMRxRecon2025\ChallengeData\MultiCoil\BlackBlood\TrainingSet\Mask_TaskAll\Center006\Siemens_30T_Prisma\P029\blackblood_mask_ktRadial8.mat,TrainingSet\Mask_TaskAll\Center006\Siemens_30T_Prisma\P029\blackblood_mask_ktRadial8.mat,12714,True,,basic,.mat,['mask'],"(98, 512)",0.13007855415344238,mask,valid
F:\CMRxRecon2025\ChallengeData\MultiCoil\BlackBlood\TrainingSet\Mask_TaskAll\Center006\Siemens_30T_Prisma\P029\blackblood_mask_Uniform16.mat,TrainingSet\Mask_TaskAll\Center006\Siemens_30T_Prisma\P029\blackblood_mask_Uniform16.mat,7449,True,,basic,.mat,['mask'],"(98, 512)",0.1345043182373047,mask,valid
F:\CMRxRecon2025\ChallengeData\MultiCoil\BlackBlood\TrainingSet\Mask_TaskAll\Center006\Siemens_30T_Prisma\P029\blackblood_mask_Uniform24.mat,TrainingSet\Mask_TaskAll\Center006\Siemens_30T_Prisma\P029\blackblood_mask_Uniform24.mat,7316,True,,basic,.mat,['mask'],"(98, 512)",0.32056093215942383,mask,valid
F:\CMRxRecon2025\ChallengeData\MultiCoil\BlackBlood\TrainingSet\Mask_TaskAll\Center006\Siemens_30T_Prisma\P029\blackblood_mask_Uniform8.mat,TrainingSet\Mask_TaskAll\Center006\Siemens_30T_Prisma\P029\blackblood_mask_Uniform8.mat,7625,True,,basic,.mat,['mask'],"(98, 512)",0.500185489654541,mask,valid
F:\CMRxRecon2025\ChallengeData\MultiCoil\BlackBlood\TrainingSet\Mask_TaskAll\Center006\Siemens_30T_Prisma\P031\blackblood_mask_ktGaussian16.mat,TrainingSet\Mask_TaskAll\Center006\Siemens_30T_Prisma\P031\blackblood_mask_ktGaussian16.mat,7397,True,,basic,.mat,['mask'],"(110, 512)",0.2242438793182373,mask,valid
F:\CMRxRecon2025\ChallengeData\MultiCoil\BlackBlood\TrainingSet\Mask_TaskAll\Center006\Siemens_30T_Prisma\P031\blackblood_mask_ktGaussian24.mat,TrainingSet\Mask_TaskAll\Center006\Siemens_30T_Prisma\P031\blackblood_mask_ktGaussian24.mat,7364,True,,basic,.mat,['mask'],"(110, 512)",0.18863272666931152,mask,valid
F:\CMRxRecon2025\ChallengeData\MultiCoil\BlackBlood\TrainingSet\Mask_TaskAll\Center006\Siemens_30T_Prisma\P031\blackblood_mask_ktGaussian8.mat,TrainingSet\Mask_TaskAll\Center006\Siemens_30T_Prisma\P031\blackblood_mask_ktGaussian8.mat,7772,True,,basic,.mat,['mask'],"(110, 512)",0.15002965927124023,mask,valid
F:\CMRxRecon2025\ChallengeData\MultiCoil\BlackBlood\TrainingSet\Mask_TaskAll\Center006\Siemens_30T_Prisma\P031\blackblood_mask_ktRadial16.mat,TrainingSet\Mask_TaskAll\Center006\Siemens_30T_Prisma\P031\blackblood_mask_ktRadial16.mat,11208,True,,basic,.mat,['mask'],"(110, 512)",0.37418437004089355,mask,valid
F:\CMRxRecon2025\ChallengeData\MultiCoil\BlackBlood\TrainingSet\Mask_TaskAll\Center006\Siemens_30T_Prisma\P031\blackblood_mask_ktRadial24.mat,TrainingSet\Mask_TaskAll\Center006\Siemens_30T_Prisma\P031\blackblood_mask_ktRadial24.mat,10036,True,,basic,.mat,['mask'],"(110, 512)",0.2218618392944336,mask,valid
F:\CMRxRecon2025\ChallengeData\MultiCoil\BlackBlood\TrainingSet\Mask_TaskAll\Center006\Siemens_30T_Prisma\P031\blackblood_mask_ktRadial8.mat,TrainingSet\Mask_TaskAll\Center006\Siemens_30T_Prisma\P031\blackblood_mask_ktRadial8.mat,13694,True,,basic,.mat,['mask'],"(110, 512)",0.35988664627075195,mask,valid
F:\CMRxRecon2025\ChallengeData\MultiCoil\BlackBlood\TrainingSet\Mask_TaskAll\Center006\Siemens_30T_Prisma\P031\blackblood_mask_Uniform16.mat,TrainingSet\Mask_TaskAll\Center006\Siemens_30T_Prisma\P031\blackblood_mask_Uniform16.mat,7610,True,,basic,.mat,['mask'],"(110, 512)",0.09020256996154785,mask,valid
F:\CMRxRecon2025\ChallengeData\MultiCoil\BlackBlood\TrainingSet\Mask_TaskAll\Center006\Siemens_30T_Prisma\P031\blackblood_mask_Uniform24.mat,TrainingSet\Mask_TaskAll\Center006\Siemens_30T_Prisma\P031\blackblood_mask_Uniform24.mat,7541,True,,basic,.mat,['mask'],"(110, 512)",0.08971977233886719,mask,valid
F:\CMRxRecon2025\ChallengeData\MultiCoil\BlackBlood\TrainingSet\Mask_TaskAll\Center006\Siemens_30T_Prisma\P031\blackblood_mask_Uniform8.mat,TrainingSet\Mask_TaskAll\Center006\Siemens_30T_Prisma\P031\blackblood_mask_Uniform8.mat,7929,True,,basic,.mat,['mask'],"(110, 512)",0.06463408470153809,mask,valid
F:\CMRxRecon2025\ChallengeData\MultiCoil\BlackBlood\TrainingSet\Mask_TaskAll\Center006\Siemens_30T_Prisma\P032\blackblood_mask_ktGaussian16.mat,TrainingSet\Mask_TaskAll\Center006\Siemens_30T_Prisma\P032\blackblood_mask_ktGaussian16.mat,7506,True,,basic,.mat,['mask'],"(110, 512)",0.14007139205932617,mask,valid
F:\CMRxRecon2025\ChallengeData\MultiCoil\BlackBlood\TrainingSet\Mask_TaskAll\Center006\Siemens_30T_Prisma\P032\blackblood_mask_ktGaussian24.mat,TrainingSet\Mask_TaskAll\Center006\Siemens_30T_Prisma\P032\blackblood_mask_ktGaussian24.mat,7412,True,,basic,.mat,['mask'],"(110, 512)",0.12538909912109375,mask,valid
F:\CMRxRecon2025\ChallengeData\MultiCoil\BlackBlood\TrainingSet\Mask_TaskAll\Center006\Siemens_30T_Prisma\P032\blackblood_mask_ktGaussian8.mat,TrainingSet\Mask_TaskAll\Center006\Siemens_30T_Prisma\P032\blackblood_mask_ktGaussian8.mat,7708,True,,basic,.mat,['mask'],"(110, 512)",0.1353158950805664,mask,valid
F:\CMRxRecon2025\ChallengeData\MultiCoil\BlackBlood\TrainingSet\Mask_TaskAll\Center006\Siemens_30T_Prisma\P032\blackblood_mask_ktRadial16.mat,TrainingSet\Mask_TaskAll\Center006\Siemens_30T_Prisma\P032\blackblood_mask_ktRadial16.mat,11208,True,,basic,.mat,['mask'],"(110, 512)",0.26989197731018066,mask,valid
F:\CMRxRecon2025\ChallengeData\MultiCoil\BlackBlood\TrainingSet\Mask_TaskAll\Center006\Siemens_30T_Prisma\P032\blackblood_mask_ktRadial24.mat,TrainingSet\Mask_TaskAll\Center006\Siemens_30T_Prisma\P032\blackblood_mask_ktRadial24.mat,10036,True,,basic,.mat,['mask'],"(110, 512)",0.3405721187591553,mask,valid
F:\CMRxRecon2025\ChallengeData\MultiCoil\BlackBlood\TrainingSet\Mask_TaskAll\Center006\Siemens_30T_Prisma\P032\blackblood_mask_ktRadial8.mat,TrainingSet\Mask_TaskAll\Center006\Siemens_30T_Prisma\P032\blackblood_mask_ktRadial8.mat,13694,True,,basic,.mat,['mask'],"(110, 512)",0.32587695121765137,mask,valid
F:\CMRxRecon2025\ChallengeData\MultiCoil\BlackBlood\TrainingSet\Mask_TaskAll\Center006\Siemens_30T_Prisma\P032\blackblood_mask_Uniform16.mat,TrainingSet\Mask_TaskAll\Center006\Siemens_30T_Prisma\P032\blackblood_mask_Uniform16.mat,7610,True,,basic,.mat,['mask'],"(110, 512)",0.2254345417022705,mask,valid
F:\CMRxRecon2025\ChallengeData\MultiCoil\BlackBlood\TrainingSet\Mask_TaskAll\Center006\Siemens_30T_Prisma\P032\blackblood_mask_Uniform24.mat,TrainingSet\Mask_TaskAll\Center006\Siemens_30T_Prisma\P032\blackblood_mask_Uniform24.mat,7541,True,,basic,.mat,['mask'],"(110, 512)",0.2004532814025879,mask,valid
F:\CMRxRecon2025\ChallengeData\MultiCoil\BlackBlood\TrainingSet\Mask_TaskAll\Center006\Siemens_30T_Prisma\P032\blackblood_mask_Uniform8.mat,TrainingSet\Mask_TaskAll\Center006\Siemens_30T_Prisma\P032\blackblood_mask_Uniform8.mat,7929,True,,basic,.mat,['mask'],"(110, 512)",0.29062438011169434,mask,valid
F:\CMRxRecon2025\ChallengeData\MultiCoil\BlackBlood\TrainingSet\Mask_TaskAll\Center006\Siemens_30T_Prisma\P033\blackblood_mask_ktGaussian16.mat,TrainingSet\Mask_TaskAll\Center006\Siemens_30T_Prisma\P033\blackblood_mask_ktGaussian16.mat,7658,True,,basic,.mat,['mask'],"(114, 518)",0.11546134948730469,mask,valid
F:\CMRxRecon2025\ChallengeData\MultiCoil\BlackBlood\TrainingSet\Mask_TaskAll\Center006\Siemens_30T_Prisma\P033\blackblood_mask_ktGaussian24.mat,TrainingSet\Mask_TaskAll\Center006\Siemens_30T_Prisma\P033\blackblood_mask_ktGaussian24.mat,7579,True,,basic,.mat,['mask'],"(114, 518)",0.35556960105895996,mask,valid
F:\CMRxRecon2025\ChallengeData\MultiCoil\BlackBlood\TrainingSet\Mask_TaskAll\Center006\Siemens_30T_Prisma\P033\blackblood_mask_ktGaussian8.mat,TrainingSet\Mask_TaskAll\Center006\Siemens_30T_Prisma\P033\blackblood_mask_ktGaussian8.mat,7856,True,,basic,.mat,['mask'],"(114, 518)",0.09992790222167969,mask,valid
F:\CMRxRecon2025\ChallengeData\MultiCoil\BlackBlood\TrainingSet\Mask_TaskAll\Center006\Siemens_30T_Prisma\P033\blackblood_mask_ktRadial16.mat,TrainingSet\Mask_TaskAll\Center006\Siemens_30T_Prisma\P033\blackblood_mask_ktRadial16.mat,11821,True,,basic,.mat,['mask'],"(114, 518)",0.22987079620361328,mask,valid
F:\CMRxRecon2025\ChallengeData\MultiCoil\BlackBlood\TrainingSet\Mask_TaskAll\Center006\Siemens_30T_Prisma\P033\blackblood_mask_ktRadial24.mat,TrainingSet\Mask_TaskAll\Center006\Siemens_30T_Prisma\P033\blackblood_mask_ktRadial24.mat,10408,True,,basic,.mat,['mask'],"(114, 518)",0.20514607429504395,mask,valid
F:\CMRxRecon2025\ChallengeData\MultiCoil\BlackBlood\TrainingSet\Mask_TaskAll\Center006\Siemens_30T_Prisma\P033\blackblood_mask_ktRadial8.mat,TrainingSet\Mask_TaskAll\Center006\Siemens_30T_Prisma\P033\blackblood_mask_ktRadial8.mat,14503,True,,basic,.mat,['mask'],"(114, 518)",0.22062921524047852,mask,valid
F:\CMRxRecon2025\ChallengeData\MultiCoil\BlackBlood\TrainingSet\Mask_TaskAll\Center006\Siemens_30T_Prisma\P033\blackblood_mask_Uniform16.mat,TrainingSet\Mask_TaskAll\Center006\Siemens_30T_Prisma\P033\blackblood_mask_Uniform16.mat,7682,True,,basic,.mat,['mask'],"(114, 518)",0.08540105819702148,mask,valid
F:\CMRxRecon2025\ChallengeData\MultiCoil\BlackBlood\TrainingSet\Mask_TaskAll\Center006\Siemens_30T_Prisma\P033\blackblood_mask_Uniform24.mat,TrainingSet\Mask_TaskAll\Center006\Siemens_30T_Prisma\P033\blackblood_mask_Uniform24.mat,7696,True,,basic,.mat,['mask'],"(114, 518)",0.052915096282958984,mask,valid
F:\CMRxRecon2025\ChallengeData\MultiCoil\BlackBlood\TrainingSet\Mask_TaskAll\Center006\Siemens_30T_Prisma\P033\blackblood_mask_Uniform8.mat,TrainingSet\Mask_TaskAll\Center006\Siemens_30T_Prisma\P033\blackblood_mask_Uniform8.mat,7871,True,,basic,.mat,['mask'],"(114, 518)",0.0825200080871582,mask,valid
F:\CMRxRecon2025\ChallengeData\MultiCoil\BlackBlood\TrainingSet\Mask_TaskAll\Center006\Siemens_30T_Prisma\P034\blackblood_mask_ktGaussian16.mat,TrainingSet\Mask_TaskAll\Center006\Siemens_30T_Prisma\P034\blackblood_mask_ktGaussian16.mat,9042,True,,basic,.mat,['mask'],"(166, 512)",0.1525108814239502,mask,valid
F:\CMRxRecon2025\ChallengeData\MultiCoil\BlackBlood\TrainingSet\Mask_TaskAll\Center006\Siemens_30T_Prisma\P034\blackblood_mask_ktGaussian24.mat,TrainingSet\Mask_TaskAll\Center006\Siemens_30T_Prisma\P034\blackblood_mask_ktGaussian24.mat,8927,True,,basic,.mat,['mask'],"(166, 512)",0.26943063735961914,mask,valid
F:\CMRxRecon2025\ChallengeData\MultiCoil\BlackBlood\TrainingSet\Mask_TaskAll\Center006\Siemens_30T_Prisma\P034\blackblood_mask_ktGaussian8.mat,TrainingSet\Mask_TaskAll\Center006\Siemens_30T_Prisma\P034\blackblood_mask_ktGaussian8.mat,9580,True,,basic,.mat,['mask'],"(166, 512)",0.2200615406036377,mask,valid
F:\CMRxRecon2025\ChallengeData\MultiCoil\BlackBlood\TrainingSet\Mask_TaskAll\Center006\Siemens_30T_Prisma\P034\blackblood_mask_ktRadial16.mat,TrainingSet\Mask_TaskAll\Center006\Siemens_30T_Prisma\P034\blackblood_mask_ktRadial16.mat,14066,True,,basic,.mat,['mask'],"(166, 512)",0.22018027305603027,mask,valid
F:\CMRxRecon2025\ChallengeData\MultiCoil\BlackBlood\TrainingSet\Mask_TaskAll\Center006\Siemens_30T_Prisma\P034\blackblood_mask_ktRadial24.mat,TrainingSet\Mask_TaskAll\Center006\Siemens_30T_Prisma\P034\blackblood_mask_ktRadial24.mat,12138,True,,basic,.mat,['mask'],"(166, 512)",0.22997140884399414,mask,valid
F:\CMRxRecon2025\ChallengeData\MultiCoil\BlackBlood\TrainingSet\Mask_TaskAll\Center006\Siemens_30T_Prisma\P034\blackblood_mask_ktRadial8.mat,TrainingSet\Mask_TaskAll\Center006\Siemens_30T_Prisma\P034\blackblood_mask_ktRadial8.mat,18208,True,,basic,.mat,['mask'],"(166, 512)",0.22558307647705078,mask,valid
F:\CMRxRecon2025\ChallengeData\MultiCoil\BlackBlood\TrainingSet\Mask_TaskAll\Center006\Siemens_30T_Prisma\P034\blackblood_mask_Uniform16.mat,TrainingSet\Mask_TaskAll\Center006\Siemens_30T_Prisma\P034\blackblood_mask_Uniform16.mat,9120,True,,basic,.mat,['mask'],"(166, 512)",0.15804719924926758,mask,valid
F:\CMRxRecon2025\ChallengeData\MultiCoil\BlackBlood\TrainingSet\Mask_TaskAll\Center006\Siemens_30T_Prisma\P034\blackblood_mask_Uniform24.mat,TrainingSet\Mask_TaskAll\Center006\Siemens_30T_Prisma\P034\blackblood_mask_Uniform24.mat,8920,True,,basic,.mat,['mask'],"(166, 512)",0.17000651359558105,mask,valid
F:\CMRxRecon2025\ChallengeData\MultiCoil\BlackBlood\TrainingSet\Mask_TaskAll\Center006\Siemens_30T_Prisma\P034\blackblood_mask_Uniform8.mat,TrainingSet\Mask_TaskAll\Center006\Siemens_30T_Prisma\P034\blackblood_mask_Uniform8.mat,9535,True,,basic,.mat,['mask'],"(166, 512)",0.1799628734588623,mask,valid
F:\CMRxRecon2025\ChallengeData\MultiCoil\BlackBlood\TrainingSet\FullSample\Center006\Siemens_30T_Prisma\P002\blackblood.mat,TrainingSet\FullSample\Center006\Siemens_30T_Prisma\P002\blackblood.mat,118607093,False,Unable to synchronously open file (file signature not found),basic,.mat,[],,0.6600241661071777,,invalid
F:\CMRxRecon2025\ChallengeData\MultiCoil\BlackBlood\TrainingSet\FullSample\Center006\Siemens_30T_Prisma\P005\blackblood.mat,TrainingSet\FullSample\Center006\Siemens_30T_Prisma\P005\blackblood.mat,118255801,False,Unable to synchronously open file (file signature not found),basic,.mat,[],,1.3062734603881836,,invalid
F:\CMRxRecon2025\ChallengeData\MultiCoil\BlackBlood\TrainingSet\FullSample\Center006\Siemens_30T_Prisma\P006\blackblood.mat,TrainingSet\FullSample\Center006\Siemens_30T_Prisma\P006\blackblood.mat,95147427,False,Unable to synchronously open file (file signature not found),basic,.mat,[],,1.424248218536377,,invalid
F:\CMRxRecon2025\ChallengeData\MultiCoil\BlackBlood\TrainingSet\FullSample\Center006\Siemens_30T_Prisma\P013\blackblood.mat,TrainingSet\FullSample\Center006\Siemens_30T_Prisma\P013\blackblood.mat,102943091,False,Unable to synchronously open file (file signature not found),basic,.mat,[],,1.4741551876068115,,invalid
F:\CMRxRecon2025\ChallengeData\MultiCoil\BlackBlood\TrainingSet\FullSample\Center006\Siemens_30T_Prisma\P015\blackblood.mat,TrainingSet\FullSample\Center006\Siemens_30T_Prisma\P015\blackblood.mat,88908439,False,Unable to synchronously open file (file signature not found),basic,.mat,[],,1.4805777072906494,,invalid
F:\CMRxRecon2025\ChallengeData\MultiCoil\BlackBlood\TrainingSet\FullSample\Center006\Siemens_30T_Prisma\P017\blackblood.mat,TrainingSet\FullSample\Center006\Siemens_30T_Prisma\P017\blackblood.mat,131454951,False,Unable to synchronously open file (file signature not found),basic,.mat,[],,1.636078119277954,,invalid
F:\CMRxRecon2025\ChallengeData\MultiCoil\BlackBlood\TrainingSet\FullSample\Center006\Siemens_30T_Prisma\P019\blackblood.mat,TrainingSet\FullSample\Center006\Siemens_30T_Prisma\P019\blackblood.mat,54145220,False,Unable to synchronously open file (file signature not found),basic,.mat,[],,1.3862543106079102,,invalid
F:\CMRxRecon2025\ChallengeData\MultiCoil\BlackBlood\TrainingSet\FullSample\Center006\Siemens_30T_Prisma\P024\blackblood.mat,TrainingSet\FullSample\Center006\Siemens_30T_Prisma\P024\blackblood.mat,91844460,False,Unable to synchronously open file (file signature not found),basic,.mat,[],,1.4904475212097168,,invalid
F:\CMRxRecon2025\ChallengeData\MultiCoil\BlackBlood\TrainingSet\FullSample\Center006\Siemens_30T_Prisma\P026\blackblood.mat,TrainingSet\FullSample\Center006\Siemens_30T_Prisma\P026\blackblood.mat,115683017,False,Unable to synchronously open file (file signature not found),basic,.mat,[],,1.8703029155731201,,invalid
F:\CMRxRecon2025\ChallengeData\MultiCoil\BlackBlood\TrainingSet\FullSample\Center006\Siemens_30T_Prisma\P027\blackblood.mat,TrainingSet\FullSample\Center006\Siemens_30T_Prisma\P027\blackblood.mat,66607217,False,Unable to synchronously open file (file signature not found),basic,.mat,[],,1.4005508422851562,,invalid
F:\CMRxRecon2025\ChallengeData\MultiCoil\BlackBlood\TrainingSet\FullSample\Center006\Siemens_30T_Prisma\P029\blackblood.mat,TrainingSet\FullSample\Center006\Siemens_30T_Prisma\P029\blackblood.mat,61885740,False,Unable to synchronously open file (file signature not found),basic,.mat,[],,1.4454154968261719,,invalid
F:\CMRxRecon2025\ChallengeData\MultiCoil\BlackBlood\TrainingSet\FullSample\Center006\Siemens_30T_Prisma\P031\blackblood.mat,TrainingSet\FullSample\Center006\Siemens_30T_Prisma\P031\blackblood.mat,60761750,False,Unable to synchronously open file (file signature not found),basic,.mat,[],,1.358309030532837,,invalid
F:\CMRxRecon2025\ChallengeData\MultiCoil\BlackBlood\TrainingSet\FullSample\Center006\Siemens_30T_Prisma\P032\blackblood.mat,TrainingSet\FullSample\Center006\Siemens_30T_Prisma\P032\blackblood.mat,69488106,False,Unable to synchronously open file (file signature not found),basic,.mat,[],,1.8351643085479736,,invalid
F:\CMRxRecon2025\ChallengeData\MultiCoil\BlackBlood\TrainingSet\FullSample\Center006\Siemens_30T_Prisma\P033\blackblood.mat,TrainingSet\FullSample\Center006\Siemens_30T_Prisma\P033\blackblood.mat,63848045,False,Unable to synchronously open file (file signature not found),basic,.mat,[],,1.6248524188995361,,invalid
F:\CMRxRecon2025\ChallengeData\MultiCoil\BlackBlood\TrainingSet\FullSample\Center006\Siemens_30T_Prisma\P034\blackblood.mat,TrainingSet\FullSample\Center006\Siemens_30T_Prisma\P034\blackblood.mat,131626805,False,Unable to synchronously open file (file signature not found),basic,.mat,[],,1.8447198867797852,,invalid
